track_id,timestamp_s,x_mm,y_mm,angle_deg,cam_name
7246,19.9909,337.4666,-49.2834,293.5700,Cam 3
9992,19.9909,286.1617,-52.1194,352.6666,Cam 3
11153,19.9909,294.3632,-57.8844,183.6244,Cam 3
11935,19.9909,277.7394,-38.3436,316.3687,Cam 3
12351,19.9909,346.2981,-66.6188,180.0708,Cam 3
13086,19.9909,346.1117,-59.7535,185.7369,Cam 3
13190,19.9909,378.2415,-67.3310,359.0530,Cam 3
13618,19.9909,306.5576,-35.8779,332.1680,Cam 3
13640,19.9909,271.6789,-58.5166,186.2211,Cam 3
13720,19.9909,382.3773,-73.7616,188.8129,Cam 3
13910,19.9909,271.3865,-60.6105,357.6068,Cam 3
14124,19.9909,362.1651,-45.5585,349.8496,Cam 3
14169,19.9909,385.7873,-65.6418,358.3768,Cam 3
14213,19.9909,353.6180,-66.0793,324.6548,Cam 3
14533,19.9909,362.5532,-53.7998,186.4321,Cam 3
14569,19.9909,271.1131,-53.6663,184.9466,Cam 3
14574,19.9909,338.1713,-66.9157,186.8081,Cam 3
14686,19.9909,392.0508,-69.2971,349.1077,Cam 3
14871,19.9909,308.4686,-40.2379,299.8188,Cam 3
14887,19.9909,311.3529,-43.3921,307.1816,Cam 3
14895,19.9909,345.4030,-51.4537,312.7910,Cam 3
15039,19.9909,398.3214,-57.8565,297.4720,Cam 3
15043,19.9909,272.5212,-33.4663,199.5686,Cam 3
15046,19.9909,382.6127,-73.7218,190.3348,Cam 3
15079,19.9909,344.9229,-56.6747,194.7548,Cam 3
15124,19.9909,345.4513,-44.0822,340.1446,Cam 3
15233,19.9909,341.9709,-63.1727,190.5876,Cam 3
15303,19.9909,381.4259,-55.8619,308.1116,Cam 3
15338,19.9909,275.2285,-51.7787,201.0813,Cam 3
15380,19.9909,380.4716,-60.2269,258.5341,Cam 3
15404,19.9909,341.4553,-60.2054,187.6611,Cam 3
15442,19.9909,393.6785,-53.6781,204.4880,Cam 3
15459,19.9909,325.4304,-64.3213,184.7735,Cam 3
15466,19.9909,380.0872,-56.6944,357.8723,Cam 3
15498,19.9909,340.8700,-42.5206,340.2755,Cam 3
15532,19.9909,392.9723,-55.1228,183.3108,Cam 3
15545,19.9909,314.3361,-32.7365,184.4464,Cam 3
15559,19.9909,286.6380,-57.3974,343.6480,Cam 3
15566,19.9909,281.9913,-56.3352,193.5580,Cam 3
15588,19.9909,332.5695,-55.4188,354.5954,Cam 3
15595,19.9909,376.8947,-57.1215,180.3481,Cam 3
15613,19.9909,303.3935,-45.8042,339.7717,Cam 3
15640,19.9909,353.3570,-55.4835,190.6921,Cam 3
15643,19.9909,302.9116,-64.1622,341.9787,Cam 3
15680,19.9909,304.4454,-43.2448,338.8828,Cam 3
15750,19.9909,322.6139,-37.1633,243.7756,Cam 3
15765,19.9909,293.7037,-69.7889,345.3705,Cam 3
15803,19.9909,309.4543,-64.7948,191.9832,Cam 3
15812,19.9909,366.1828,-46.9210,235.3618,Cam 3
15830,19.9909,283.6070,-62.3690,183.1782,Cam 3
15838,19.9909,363.7746,-53.4657,191.7924,Cam 3
15872,19.9909,376.1854,-51.1948,348.4286,Cam 3
15874,19.9909,316.7972,-58.8153,352.2455,Cam 3
15876,19.9909,306.4475,-58.7481,183.3759,Cam 3
15908,19.9909,362.5499,-66.3195,269.8339,Cam 3
15943,19.9909,337.2056,-44.2288,185.9114,Cam 3
15976,19.9909,381.5609,-50.6782,300.0503,Cam 3
16005,19.9909,362.7310,-61.1407,355.6096,Cam 3
16013,19.9909,365.7184,-56.0694,196.9966,Cam 3
16026,19.9909,343.3951,-66.1860,198.5916,Cam 3
16058,19.9909,345.5003,-56.2474,188.2394,Cam 3
16073,19.9909,372.7844,-56.3740,338.3810,Cam 3
16083,19.9909,347.1723,-53.6775,335.4760,Cam 3
16085,19.9909,380.2331,-65.2037,182.0959,Cam 3
16092,19.9909,310.3880,-56.0865,214.4981,Cam 3
16115,19.9909,329.7175,-53.3575,212.6402,Cam 3
16117,19.9909,315.7236,-47.8829,264.5336,Cam 3
16120,19.9909,271.0065,-46.9692,221.7432,Cam 3
16133,19.9909,304.0820,-53.7332,212.9335,Cam 3
16136,19.9909,357.5353,-60.1923,180.8566,Cam 3
16150,19.9909,373.7713,-61.7520,187.0291,Cam 3
16158,19.9909,378.3658,-57.1129,354.3043,Cam 3
16180,19.9909,338.8101,-58.3005,195.8706,Cam 3
16185,19.9909,395.6641,-66.5269,183.2915,Cam 3
16191,19.9909,281.5252,-54.6231,347.8014,Cam 3
16194,19.9909,385.6119,-54.2228,218.4990,Cam 3
16207,19.9909,394.6763,-46.2786,193.4395,Cam 3
16213,19.9909,295.5726,-53.0874,190.2732,Cam 3
16221,19.9909,337.0030,-68.7401,349.2121,Cam 3
16224,19.9909,371.6274,-65.6587,186.3259,Cam 3
16238,19.9909,305.5033,-51.5671,221.0283,Cam 3
16239,19.9909,309.7444,-37.5173,329.3327,Cam 3
16250,19.9909,346.9775,-61.8175,191.7910,Cam 3
16251,19.9909,386.0320,-70.9202,359.8037,Cam 3
16252,19.9909,327.5712,-44.5804,340.4079,Cam 3
16254,19.9909,270.8198,-55.8390,358.4187,Cam 3
16255,19.9909,309.5236,-44.9545,352.9530,Cam 3
16269,19.9909,350.1880,-44.9734,320.7916,Cam 3
16284,19.9909,375.9141,-54.3995,235.0236,Cam 3
16291,19.9909,376.5144,-61.1545,336.2222,Cam 3
16300,19.9909,292.1115,-31.5917,326.7484,Cam 3
16301,19.9909,359.2632,-48.0715,264.8228,Cam 3
16312,19.9909,389.7609,-63.0800,180.2648,Cam 3
16314,19.9909,312.2262,-50.3585,198.4875,Cam 3
16324,19.9909,335.1450,-59.1410,202.1314,Cam 3
16327,19.9909,299.9843,-36.1136,335.8574,Cam 3
16333,19.9909,364.5268,-63.1900,286.9105,Cam 3
16335,19.9909,318.8678,-40.7835,330.1047,Cam 3
16341,19.9909,370.3253,-50.8278,182.0593,Cam 3
16344,19.9909,305.8064,-69.9855,220.6028,Cam 3
16347,19.9909,377.7914,-77.0761,180.7272,Cam 3
16351,19.9909,271.9707,-53.9795,204.9107,Cam 3
16360,19.9909,352.6005,-56.1064,195.5076,Cam 3
16361,19.9909,367.6991,-55.9860,187.6644,Cam 3
16366,19.9909,303.3491,-49.6106,295.1205,Cam 3
16376,19.9909,362.3690,-66.5032,273.2527,Cam 3
16381,19.9909,308.1490,-70.2039,229.4161,Cam 3
16385,19.9909,381.9887,-61.8103,351.8110,Cam 3
16390,19.9909,397.6748,-54.3813,322.3118,Cam 3
16399,19.9909,306.6102,-51.7085,240.0541,Cam 3
16401,19.9909,312.6227,-54.3188,182.4614,Cam 3
16402,19.9909,370.7352,-65.7194,187.6826,Cam 3
16404,19.9909,350.7112,-51.9990,283.3438,Cam 3
16405,19.9909,364.2616,-62.8025,250.1698,Cam 3
16406,19.9909,314.4678,-61.5914,191.0904,Cam 3
16409,19.9909,397.0081,-57.6315,214.8960,Cam 3
16410,19.9909,301.2021,-53.3894,183.4163,Cam 3
16417,19.9909,269.2327,-52.6828,211.9965,Cam 3
16418,19.9909,382.4395,-59.8400,346.7412,Cam 3
16420,19.9909,277.4382,-41.0933,351.5618,Cam 3
16422,19.9909,386.7906,-60.4137,336.1433,Cam 3
16423,19.9909,341.4481,-48.9776,321.8127,Cam 3
16424,19.9909,306.3854,-39.1820,310.8406,Cam 3
16425,19.9909,296.8137,-41.7504,231.7942,Cam 3
16426,19.9909,339.2711,-53.4934,316.4106,Cam 3
16428,19.9909,287.8782,-52.7595,206.2916,Cam 3
16432,19.9909,364.0626,-61.5497,186.8408,Cam 3
16439,19.9909,269.4335,-51.5069,197.5772,Cam 3
16443,19.9909,351.1394,-70.4789,180.2651,Cam 3
16444,19.9909,327.5363,-49.4121,355.0265,Cam 3
16446,19.9909,366.3429,-55.7106,187.7632,Cam 3
16450,19.9909,352.8840,-46.9320,353.2103,Cam 3
16451,19.9909,305.9713,-55.0989,182.9866,Cam 3
16453,19.9909,282.8658,-48.9756,351.2180,Cam 3
16454,19.9909,324.3240,-46.4121,214.4582,Cam 3
16455,19.9909,282.8316,-39.6425,220.8615,Cam 3
16456,19.9909,287.7193,-45.5791,187.9952,Cam 3
16457,19.9909,364.6104,-61.8490,292.6824,Cam 3
16458,19.9909,388.4646,-52.7882,289.0067,Cam 3
16459,19.9909,286.4421,-36.6868,207.3387,Cam 3
16460,19.9909,295.2030,-39.7473,358.4539,Cam 3
16461,19.9909,274.2089,-50.6084,209.9889,Cam 3
16462,19.9909,316.3273,-53.9981,264.6183,Cam 3
16463,19.9909,397.8261,-69.2126,345.7751,Cam 3
16464,19.9909,290.2888,-37.8498,237.3458,Cam 3
16465,19.9909,348.2560,-46.8763,273.1878,Cam 3
16466,19.9909,365.0583,-62.5052,258.1982,Cam 3
16467,19.9909,290.8440,-37.4805,224.9671,Cam 3
16468,19.9909,279.3114,-31.2437,355.5662,Cam 3
16469,19.9909,294.8977,-50.8906,234.5866,Cam 3
16470,19.9909,319.2289,-49.6935,342.1669,Cam 3
16471,19.9909,318.4432,-2.0248,210.1047,Cam 3
16472,19.9909,345.5942,-48.0117,356.5730,Cam 3
16473,19.9909,342.9066,-48.5631,346.4735,Cam 3
16474,19.9909,286.5654,-39.3274,282.6371,Cam 3
16475,19.9909,379.9074,-60.6683,260.3339,Cam 3
16476,19.9909,391.6150,-57.5581,208.4233,Cam 3
16477,19.9909,393.4618,-55.4525,202.8731,Cam 3
16478,19.9909,374.9012,-56.3747,344.8671,Cam 3
16479,19.9909,284.9127,-44.0661,183.7521,Cam 3
34405,20.0000,118.4966,36.6267,307.8558,Cam 1
34468,20.0000,46.1246,66.4611,330.0079,Cam 1
34470,20.0000,128.6260,30.7275,323.8035,Cam 1
34471,20.0000,67.7888,100.0823,301.6495,Cam 1
34486,20.0000,122.7055,31.6031,226.6469,Cam 1
34487,20.0000,75.1397,51.4297,327.4218,Cam 1
34488,20.0000,94.2914,40.8308,327.3522,Cam 1
33918,20.0409,127.8610,25.4794,323.2708,Cam 1
34432,20.0409,111.3870,35.7081,291.8181,Cam 1
34475,20.0409,116.7671,27.0803,330.2774,Cam 1
34484,20.0409,117.8020,31.2656,335.8515,Cam 1
34367,20.0818,129.9384,24.5193,329.8951,Cam 1
34485,20.0818,143.7143,13.9025,332.4281,Cam 1
34299,20.1227,150.2252,21.7603,321.7964,Cam 1
34403,20.1636,95.3362,47.4026,325.4253,Cam 1
34474,20.1636,145.3141,27.0397,340.8755,Cam 1
30148,20.3273,68.3765,112.5028,213.1713,Cam 1
31578,20.3273,87.6198,98.4143,231.8057,Cam 1
33814,20.3273,140.6223,24.9200,359.5775,Cam 1
33940,20.2864,144.3740,26.2387,319.9049,Cam 1
34221,20.3273,137.9575,22.5095,321.2620,Cam 1
34265,20.3273,127.7394,29.3652,345.9716,Cam 1
34284,20.3273,131.9488,37.4760,349.7578,Cam 1
34298,20.3273,137.7518,25.0062,355.7383,Cam 1
34316,20.3273,142.5085,28.0047,344.4421,Cam 1
34323,20.3273,101.9494,38.1970,297.0725,Cam 1
34328,20.3273,75.4095,125.6212,196.2304,Cam 1
34335,20.3273,144.1466,21.9979,333.5284,Cam 1
34354,20.3273,120.4964,34.7355,300.7729,Cam 1
34365,20.3273,138.9691,16.0547,180.5969,Cam 1
34387,20.3273,115.2914,39.6182,346.6053,Cam 1
34412,20.3273,81.4768,90.3362,231.7385,Cam 1
34421,20.2455,75.2034,69.0794,279.0622,Cam 1
34445,20.3273,132.1559,37.4596,350.1460,Cam 1
34447,20.3273,81.7163,52.5775,333.9109,Cam 1
34451,20.3273,61.8531,92.0001,253.1291,Cam 1
34461,20.2864,125.3161,29.9332,340.6109,Cam 1
34462,20.3273,131.1902,28.5300,345.1774,Cam 1
34473,20.3273,153.8718,18.8951,306.4564,Cam 1
34480,20.3273,107.0896,43.8726,344.2097,Cam 1
34482,20.3273,91.3975,44.9823,304.9731,Cam 1
34483,20.3273,119.6750,23.0830,328.8659,Cam 1
43167,20.0000,167.0189,-53.0911,260.7308,Cam 2
46153,20.0000,220.8430,-67.5737,346.4477,Cam 2
46585,20.0000,277.0641,-54.8725,265.5767,Cam 2
46725,20.0000,174.7150,-21.0882,304.0038,Cam 2
46731,20.0000,190.8513,-52.3289,200.4197,Cam 2
46858,20.0000,170.8451,-56.9210,355.2871,Cam 2
46882,20.0000,243.4688,-58.2182,185.3543,Cam 2
46916,20.0000,182.1915,-21.5678,331.2970,Cam 2
46941,20.0000,190.1335,-57.9064,358.7429,Cam 2
47003,20.0000,234.5441,-68.7496,185.8465,Cam 2
47085,20.0000,239.9188,-47.0626,220.4220,Cam 2
47114,20.0000,241.3635,-34.3657,275.1227,Cam 2
47146,20.0000,184.1219,-53.0279,272.3492,Cam 2
47147,20.0000,242.3291,-34.3347,232.6643,Cam 2
47151,20.0000,178.9147,-34.2589,261.5751,Cam 2
47157,20.0000,254.3911,-67.9243,180.5360,Cam 2
47166,20.0000,205.2797,-37.1910,194.6921,Cam 2
47167,20.0000,203.5686,-40.1329,295.7576,Cam 2
47172,20.0000,216.0576,-55.6862,335.7335,Cam 2
47194,20.0000,189.8022,-42.6376,249.2630,Cam 2
47202,20.0000,187.9280,-24.9910,333.6391,Cam 2
47222,20.0000,172.0250,-61.7832,359.0724,Cam 2
47228,20.0000,256.3707,-38.4407,321.2165,Cam 2
47232,20.0000,182.6136,-41.1450,300.8791,Cam 2
47234,20.0000,164.7521,-48.9923,313.5890,Cam 2
47235,20.0000,194.9590,-38.3348,349.8236,Cam 2
47241,20.0000,176.4124,-46.2866,239.2971,Cam 2
47242,20.0000,181.1648,-23.6756,262.1078,Cam 2
47245,20.0000,184.9808,-28.4166,346.6857,Cam 2
47247,20.0000,225.4940,-66.5062,327.6773,Cam 2
47249,20.0000,193.9084,-34.2732,282.5641,Cam 2
46321,20.0409,209.0107,-20.8662,352.4052,Cam 2
47045,20.0409,204.5101,-26.2901,189.4314,Cam 2
47074,20.0409,214.9103,-51.8271,188.0237,Cam 2
47153,20.0409,195.7736,-57.4380,191.3645,Cam 2
47158,20.0409,212.4279,-58.8455,241.8847,Cam 2
47180,20.0409,177.4587,-47.0400,219.0441,Cam 2
47220,20.0409,243.8671,-44.6508,185.6146,Cam 2
47229,20.0409,260.3996,-43.8635,180.0000,Cam 2
47230,20.0409,164.1259,-39.2348,347.9602,Cam 2
47231,20.0409,216.6056,-29.4727,189.7064,Cam 2
47233,20.0409,238.4497,-49.3496,239.0597,Cam 2
47252,20.0409,255.3052,-39.9678,317.3176,Cam 2
45943,20.0818,195.8874,-22.3513,189.1256,Cam 2
47030,20.0818,248.3632,-43.7893,357.8275,Cam 2
47059,20.0818,161.7581,-57.6906,317.3904,Cam 2
47190,20.0818,175.9156,-47.6494,184.5277,Cam 2
47218,20.0818,178.7188,-33.5059,245.9900,Cam 2
47236,20.0818,188.2462,-52.1566,208.1666,Cam 2
47237,20.0818,234.6125,-50.1716,290.6311,Cam 2
46787,20.1227,253.5776,-48.7480,185.1891,Cam 2
46825,20.1227,250.4169,-50.9959,256.1017,Cam 2
47043,20.1227,267.0501,-42.9556,331.3157,Cam 2
47140,20.1227,260.9364,-50.8657,201.3599,Cam 2
47143,20.1227,168.3688,-56.6433,330.2642,Cam 2
47221,20.1227,202.2568,-60.9435,185.8503,Cam 2
45254,20.1636,164.6782,-23.2055,282.0308,Cam 2
47050,20.1636,268.1886,-41.2083,304.0860,Cam 2
47090,20.1636,176.8491,-39.3137,245.9620,Cam 2
47164,20.1636,167.8064,-44.4016,319.6876,Cam 2
47181,20.1636,256.7822,-62.1489,181.5771,Cam 2
47187,20.1636,206.8734,-49.1400,230.4136,Cam 2
47225,20.1636,233.2443,-45.3586,272.4920,Cam 2
47238,20.1636,208.4971,-58.6016,187.8562,Cam 2
47248,20.1636,249.0637,-43.9327,181.2502,Cam 2
47253,20.1636,200.6258,-56.2883,359.1277,Cam 2
47254,20.1636,270.5106,-51.3505,297.6026,Cam 2
46811,20.2045,218.0136,-71.9573,220.6730,Cam 2
47073,20.2045,183.6559,-38.0903,277.5965,Cam 2
47178,20.2045,201.8056,-50.5522,350.0946,Cam 2
47195,20.2045,192.9596,-58.5284,188.0450,Cam 2
47246,20.2045,205.7324,-57.0650,257.3874,Cam 2
37786,20.3273,216.6265,-38.9117,248.4280,Cam 2
41152,20.3273,220.1146,-47.4965,198.0647,Cam 2
41364,20.3273,194.6628,-55.6236,229.8752,Cam 2
41651,20.3273,235.6863,-38.0825,263.7734,Cam 2
41796,20.3273,275.1488,-61.9339,189.6351,Cam 2
42378,20.3273,213.9839,-55.7542,246.0219,Cam 2
43431,20.3273,227.4910,-37.4095,210.1831,Cam 2
43661,20.3273,246.8821,-55.9653,188.4223,Cam 2
43997,20.2864,259.9079,-53.6371,227.1435,Cam 2
44244,20.3273,206.2689,-23.1372,182.1249,Cam 2
44288,20.3273,241.6297,-45.9053,223.7183,Cam 2
44307,20.3273,246.6979,-55.9697,190.5181,Cam 2
44376,20.3273,243.7345,-50.5459,197.0674,Cam 2
44400,20.3273,211.1561,-42.7362,187.5390,Cam 2
44433,20.3273,225.0802,-27.9071,193.5158,Cam 2
44451,20.3273,212.3861,-36.3282,242.1927,Cam 2
44542,20.3273,213.5869,-26.6673,202.9108,Cam 2
45031,20.3273,161.7626,-20.9132,277.4319,Cam 2
45327,20.3273,186.0590,-20.6235,353.5972,Cam 2
45448,20.3273,225.3178,-59.0690,348.5583,Cam 2
45538,20.3273,182.4106,-20.4096,344.1054,Cam 2
45629,20.3273,272.2354,-38.0751,358.5370,Cam 2
45697,20.3273,183.9210,-25.2539,195.0689,Cam 2
45702,20.3273,271.1220,-53.4191,181.9199,Cam 2
45725,20.3273,205.1217,-64.3348,219.2852,Cam 2
45793,20.3273,180.8375,-28.8327,337.0241,Cam 2
45861,20.3273,171.8963,-17.3124,300.1245,Cam 2
45995,20.3273,192.6027,-17.6867,346.9231,Cam 2
46052,20.3273,185.9934,-20.5470,352.4490,Cam 2
46074,20.3273,201.3670,-30.4405,356.9602,Cam 2
46082,20.3273,200.1540,-19.7319,352.5465,Cam 2
46097,20.3273,227.6479,-69.6176,218.5509,Cam 2
46126,20.2864,188.2116,-36.6137,285.0272,Cam 2
46193,20.3273,267.0689,-57.7801,199.8032,Cam 2
46237,20.3273,197.4751,-63.2499,334.2212,Cam 2
46242,20.3273,166.3289,-20.4097,315.8701,Cam 2
46287,20.3273,160.9725,-68.4983,268.3474,Cam 2
46291,20.3273,248.8871,-61.0383,184.4229,Cam 2
46317,20.3273,249.2011,-60.9279,183.4708,Cam 2
46327,20.3273,221.4466,-64.7114,192.3526,Cam 2
46405,20.3273,272.0158,-48.0918,345.6138,Cam 2
46477,20.3273,224.7709,-50.6472,242.5219,Cam 2
46545,20.3273,252.6720,-31.9969,184.9327,Cam 2
46555,20.3273,197.5387,-21.9015,188.3323,Cam 2
46568,20.2864,247.0780,-70.7243,350.0528,Cam 2
46611,20.2864,248.4840,-63.8953,185.6999,Cam 2
46627,20.3273,166.3343,-64.7219,209.9601,Cam 2
46631,20.3273,224.8028,-68.1234,348.6315,Cam 2
46634,20.3273,253.2614,-35.7478,197.6359,Cam 2
46647,20.3273,174.4263,-28.7524,290.3631,Cam 2
46654,20.3273,256.6333,-44.6971,287.3720,Cam 2
46657,20.2864,265.6268,-62.6374,353.1622,Cam 2
46665,20.3273,186.3375,-37.6863,281.1776,Cam 2
46667,20.3273,258.7114,-42.7224,326.0810,Cam 2
46688,20.2864,252.6392,-62.5171,186.9092,Cam 2
46701,20.3273,160.5444,-43.2858,309.8968,Cam 2
46702,20.3273,222.3693,-22.5102,350.7424,Cam 2
46733,20.3273,236.7964,-45.2712,189.2637,Cam 2
46755,20.3273,162.7201,-15.2172,284.5727,Cam 2
46783,20.3273,240.1666,-35.9130,342.0194,Cam 2
46815,20.3273,161.9059,-23.8812,274.5954,Cam 2
46830,20.2864,220.8730,-56.7450,192.5557,Cam 2
46831,20.3273,184.4228,-50.0143,336.3821,Cam 2
46854,20.3273,187.6865,-39.5839,280.6845,Cam 2
46855,20.3273,199.2459,-34.6565,331.6582,Cam 2
46862,20.3273,222.2682,-55.1246,234.3815,Cam 2
46888,20.3273,242.7132,-34.6287,254.7510,Cam 2
46899,20.3273,276.1744,-36.4363,318.6227,Cam 2
46903,20.3273,221.1113,-56.7299,204.8384,Cam 2
46923,20.3273,272.9710,-40.5350,352.0180,Cam 2
46942,20.3273,218.2440,-25.8903,196.4826,Cam 2
46947,20.3273,220.5762,-58.4341,345.6607,Cam 2
46956,20.3273,256.0728,-58.7487,180.8607,Cam 2
46967,20.3273,209.4235,-73.1036,180.2051,Cam 2
46970,20.3273,251.6936,-68.0238,182.5495,Cam 2
46986,20.3273,222.4913,-40.2485,217.5307,Cam 2
47001,20.3273,220.9829,-65.8309,273.1058,Cam 2
47006,20.3273,167.6237,-21.9122,316.9834,Cam 2
47009,20.2864,210.3494,-49.3794,342.4137,Cam 2
47015,20.3273,251.7930,-58.7174,181.1804,Cam 2
47033,20.3273,167.8109,-30.4258,333.8664,Cam 2
47047,20.3273,232.7548,-28.5015,330.3147,Cam 2
47060,20.3273,247.8304,-70.7215,349.7749,Cam 2
47067,20.2864,248.5208,-63.9403,184.8412,Cam 2
47082,20.2864,240.1563,-44.1084,195.7252,Cam 2
47088,20.3273,251.5138,-56.8378,180.4681,Cam 2
47108,20.3273,253.9439,-37.0957,325.4461,Cam 2
47111,20.3273,227.5000,-58.6050,184.0843,Cam 2
47116,20.3273,211.3456,-63.5680,200.7190,Cam 2
47128,20.3273,275.9744,-66.6631,184.8977,Cam 2
47139,20.3273,219.2341,-64.4085,272.4012,Cam 2
47141,20.2864,252.5112,-31.8682,187.7094,Cam 2
47142,20.3273,166.3228,-9.5686,319.2516,Cam 2
47156,20.3273,195.2503,-48.7955,186.7256,Cam 2
47162,20.3273,237.1826,-54.7826,285.9186,Cam 2
47169,20.2455,188.7186,-32.4626,331.0981,Cam 2
47175,20.2864,185.5830,-44.7698,301.4127,Cam 2
47182,20.3273,198.4278,-57.3739,185.1250,Cam 2
47198,20.2864,203.9026,-36.9091,288.8627,Cam 2
47203,20.3273,159.5655,-35.9479,227.4910,Cam 2
47207,20.3273,243.7137,-50.5565,196.1363,Cam 2
47209,20.2864,204.5134,-21.3875,183.5649,Cam 2
47223,20.3273,180.4254,-32.3682,275.2300,Cam 2
47239,20.3273,166.5278,-72.8247,295.6169,Cam 2
47240,20.3273,252.7642,-35.8315,197.3902,Cam 2
47243,20.3273,168.8453,-33.7219,183.8420,Cam 2
47244,20.3273,185.0134,-22.0052,354.6379,Cam 2
47250,20.3273,247.7192,-46.7213,357.1818,Cam 2
47251,20.3273,180.4414,-46.6454,355.5017,Cam 2
34450,20.0409,118.7821,36.2956,313.6980,Cam 1
34472,20.1227,130.0703,29.4707,330.5625,Cam 1
34491,20.1227,122.8053,31.4969,203.8315,Cam 1
34465,20.1636,82.6990,111.4760,185.3176,Cam 1
34469,20.2045,76.1198,56.3914,321.6842,Cam 1
34492,20.2045,115.8331,35.6945,328.2515,Cam 1
34489,20.3273,67.1198,101.2616,302.0493,Cam 1
34490,20.2455,114.0142,40.4903,339.6114,Cam 1
46764,20.0409,222.2801,-24.5949,199.6823,Cam 2
46822,20.0409,166.0339,-71.4952,295.9413,Cam 2
47117,20.0409,234.5022,-45.2507,193.1532,Cam 2
47145,20.0409,195.2439,-22.3797,190.1992,Cam 2
47188,20.0409,206.8861,-58.8924,326.7558,Cam 2
47201,20.0409,207.5428,-20.8280,353.0881,Cam 2
47205,20.0409,255.9696,-38.6153,327.8984,Cam 2
47210,20.0409,242.2294,-34.4017,256.7375,Cam 2
47215,20.0409,242.4493,-58.5319,356.7484,Cam 2
47256,20.0409,203.6985,-41.2326,258.9700,Cam 2
47258,20.0409,182.2718,-41.9682,244.2434,Cam 2
47259,20.0409,261.1627,-50.9920,211.2576,Cam 2
47265,20.0409,166.9352,-36.2872,277.4070,Cam 2
47268,20.0409,178.7816,-34.2371,254.1877,Cam 2
47269,20.0409,187.9981,-35.9642,278.0373,Cam 2
47272,20.0409,235.1070,-68.7260,358.3136,Cam 2
47274,20.0409,162.3014,-47.5771,260.6000,Cam 2
47277,20.0409,191.9169,-35.9313,206.3940,Cam 2
47278,20.0409,193.0900,-57.8113,231.6094,Cam 2
47283,20.0409,189.6227,-42.5629,258.8328,Cam 2
47284,20.0409,166.0666,-57.4934,261.1255,Cam 2
47163,20.0818,191.0122,-26.2319,181.4204,Cam 2
47212,20.0818,207.0049,-36.0933,208.5105,Cam 2
47219,20.0818,186.4760,-61.6206,355.4087,Cam 2
47262,20.0818,214.8529,-56.8057,181.2025,Cam 2
47271,20.0818,252.3978,-67.9933,181.9013,Cam 2
47273,20.0818,225.0821,-64.3381,198.1145,Cam 2
47281,20.0818,269.3673,-64.6338,184.1256,Cam 2
44103,20.1227,243.9923,-50.3709,195.8246,Cam 2
47069,20.1227,244.9344,-56.5178,184.1238,Cam 2
47211,20.1227,244.2405,-58.8069,354.5724,Cam 2
47226,20.1227,183.3241,-56.7699,353.6193,Cam 2
47257,20.1227,164.5823,-48.8463,322.7255,Cam 2
47260,20.1227,184.2021,-53.6983,251.9929,Cam 2
47196,20.1636,245.6640,-46.4986,354.2339,Cam 2
47217,20.1636,217.0468,-56.0852,331.2961,Cam 2
47266,20.1636,241.6997,-35.9092,237.6194,Cam 2
47267,20.1636,204.5962,-73.9929,348.5180,Cam 2
47270,20.1636,205.7288,-57.1464,265.8244,Cam 2
47279,20.1636,272.4420,-71.5806,188.7015,Cam 2
47161,20.2045,224.3090,-66.1157,328.2273,Cam 2
45744,20.3273,195.4626,-38.3266,349.2759,Cam 2
46894,20.3273,259.1366,-48.5969,184.3283,Cam 2
47176,20.3273,254.3582,-48.7175,185.7519,Cam 2
47255,20.3273,187.8153,-25.1575,328.7716,Cam 2
47261,20.2864,175.7497,-40.1101,263.2081,Cam 2
47263,20.2455,190.6133,-52.5892,199.8796,Cam 2
47264,20.2864,188.0138,-57.5281,346.1765,Cam 2
47275,20.2864,161.7910,-57.5869,323.2236,Cam 2
47276,20.3273,173.4618,-62.3685,358.2044,Cam 2
47280,20.3273,251.2774,-62.7767,187.3731,Cam 2
47282,20.3273,184.8737,-27.6361,180.2480,Cam 2
34498,20.0818,127.8592,32.2628,315.6745,Cam 1
34499,20.0818,121.7347,31.5474,306.5742,Cam 1
34494,20.1227,117.2870,31.7325,358.0901,Cam 1
34493,20.2045,112.1690,34.8081,291.1270,Cam 1
34497,20.2045,122.9169,31.3410,193.4218,Cam 1
34301,20.3273,131.2674,28.6066,345.8958,Cam 1
34495,20.3273,118.5633,36.6263,324.9282,Cam 1
34496,20.3273,132.8526,21.7363,334.8879,Cam 1
46598,20.0818,195.1863,-57.4166,190.0700,Cam 2
46618,20.0818,210.5728,-34.6171,198.8639,Cam 2
47285,20.0818,215.3633,-51.2365,349.7270,Cam 2
47289,20.0818,214.3205,-30.0924,192.7283,Cam 2
47290,20.0818,203.9821,-40.6426,248.3617,Cam 2
47291,20.0818,259.1091,-51.0557,194.0189,Cam 2
47294,20.0818,204.8400,-38.1695,181.2992,Cam 2
47295,20.0818,182.5793,-42.4484,252.5956,Cam 2
47297,20.0818,184.0773,-53.5971,264.0098,Cam 2
47298,20.0818,215.9402,-55.0953,323.6835,Cam 2
47301,20.0818,261.9586,-51.5957,223.1957,Cam 2
47304,20.0818,168.3481,-27.0008,292.8515,Cam 2
47305,20.0818,259.0829,-37.9497,239.3616,Cam 2
47306,20.0818,183.4917,-16.1498,356.1103,Cam 2
47308,20.0818,181.2133,-64.1199,336.4908,Cam 2
46207,20.1227,162.2255,-59.5209,310.0696,Cam 2
47288,20.1227,256.2286,-38.7582,332.4768,Cam 2
47292,20.1227,163.7048,-39.1462,352.7017,Cam 2
47296,20.1227,171.2967,-40.5047,310.2704,Cam 2
47099,20.1636,167.1184,-33.6031,190.1544,Cam 2
47299,20.1636,180.3850,-34.2420,275.2994,Cam 2
47307,20.1636,164.1449,-48.2553,305.3732,Cam 2
47227,20.2045,245.3142,-57.0078,184.5660,Cam 2
46939,20.3273,187.1473,-29.5304,348.9295,Cam 2
47070,20.3273,243.2359,-35.2865,247.6319,Cam 2
47185,20.3273,204.6763,-26.4505,188.0350,Cam 2
47286,20.3273,261.2789,-44.2270,206.6361,Cam 2
47287,20.3273,237.6121,-50.2865,232.1272,Cam 2
47293,20.3273,180.2988,-44.9364,225.1721,Cam 2
47300,20.3273,220.8528,-28.7552,195.2602,Cam 2
47302,20.3273,250.8062,-50.1986,256.2015,Cam 2
47303,20.3273,182.6465,-21.4977,343.6381,Cam 2
34500,20.1227,75.1057,70.0399,281.0610,Cam 1
34501,20.1636,125.9413,26.9735,315.9174,Cam 1
47311,20.1227,182.2926,-43.8937,225.9440,Cam 2
47312,20.1227,202.4974,-38.9746,313.7730,Cam 2
47315,20.1227,176.1202,-40.6607,214.7907,Cam 2
47317,20.1227,218.2293,-71.5441,231.3026,Cam 2
47320,20.1227,180.5914,-34.5560,286.0532,Cam 2
47323,20.1227,207.8123,-58.8028,181.4916,Cam 2
47324,20.1227,171.6733,-22.3177,346.9099,Cam 2
47326,20.1227,183.8014,-41.1160,249.7888,Cam 2
47328,20.1227,185.5445,-54.0278,212.6591,Cam 2
47331,20.1227,189.7302,-42.4383,234.3414,Cam 2
47334,20.1227,175.4406,-46.2889,192.4643,Cam 2
47314,20.2045,215.3031,-57.2272,203.3199,Cam 2
47318,20.2045,161.7287,-57.4728,321.8206,Cam 2
47321,20.2045,243.0343,-58.4369,357.9757,Cam 2
47330,20.2045,243.1695,-74.7338,349.6013,Cam 2
47332,20.2045,163.4913,-54.6425,335.6049,Cam 2
47309,20.2455,218.0378,-51.3304,189.3179,Cam 2
47310,20.3273,215.8383,-29.8088,192.7068,Cam 2
47313,20.3273,234.3010,-48.3895,281.1412,Cam 2
47316,20.3273,207.4998,-35.7312,211.9342,Cam 2
47319,20.2864,241.8690,-35.6943,234.6513,Cam 2
47322,20.3273,197.2887,-57.6348,188.3864,Cam 2
47325,20.2455,180.4106,-30.5701,293.2812,Cam 2
47327,20.2455,205.7195,-57.0893,244.0832,Cam 2
47329,20.3273,257.2327,-47.4563,355.0357,Cam 2
47333,20.3273,272.3097,-51.3407,209.7111,Cam 2
34505,20.1636,143.9765,13.7019,331.6677,Cam 1
34507,20.1636,141.3281,24.0205,330.6559,Cam 1
34503,20.2045,149.7688,22.1280,321.7107,Cam 1
34502,20.3273,119.6151,30.9433,352.3934,Cam 1
34504,20.2864,76.0499,56.1143,315.0702,Cam 1
34506,20.3273,132.1367,108.0697,241.3226,Cam 1
47335,20.1636,256.1119,-38.5062,324.6636,Cam 2
47336,20.1636,261.2350,-44.3905,201.8975,Cam 2
47340,20.1636,183.0759,-42.4649,288.6684,Cam 2
47342,20.1636,256.5794,-44.8547,285.9032,Cam 2
47343,20.1636,235.6640,-52.7042,296.1347,Cam 2
47344,20.1636,167.3212,-30.1390,335.2701,Cam 2
47347,20.1636,184.3571,-53.8582,243.3322,Cam 2
47349,20.1636,184.8538,-23.7585,327.3484,Cam 2
47350,20.1636,208.3422,-35.6790,287.9446,Cam 2
47355,20.1636,225.3906,-51.2847,350.9682,Cam 2
47357,20.1636,243.8645,-44.4742,210.8836,Cam 2
47358,20.1636,250.4155,-40.3929,356.8436,Cam 2
47359,20.1636,259.0622,-38.6529,255.2467,Cam 2
47338,20.2045,161.6887,-38.6165,183.0743,Cam 2
47345,20.2045,169.8260,-57.3462,325.3836,Cam 2
47352,20.2045,189.7629,-42.6727,225.4843,Cam 2
47337,20.2864,203.9766,-39.3362,288.0395,Cam 2
47339,20.2864,267.2542,-42.9752,331.7107,Cam 2
47341,20.3273,262.2729,-50.4396,197.5727,Cam 2
47346,20.2864,215.3176,-56.9036,191.6166,Cam 2
47348,20.2864,246.1692,-39.2518,347.3606,Cam 2
47351,20.2455,166.2709,-71.6677,291.2993,Cam 2
47353,20.2455,183.8158,-41.2716,255.2418,Cam 2
47354,20.2455,248.8377,-43.9131,359.2595,Cam 2
47356,20.3273,176.1953,-49.9750,180.7852,Cam 2
34508,20.2045,117.4157,30.7714,314.2445,Cam 1
34509,20.2045,142.8654,14.8504,340.6639,Cam 1
47363,20.2045,183.3797,-42.2099,298.9970,Cam 2
47368,20.2045,207.7118,-59.3668,192.5656,Cam 2
47369,20.2045,212.5588,-58.8416,242.9447,Cam 2
47373,20.2045,176.5400,-40.0548,239.1456,Cam 2
47374,20.2045,184.3713,-23.9350,336.0486,Cam 2
47375,20.2045,206.7345,-49.5274,236.2233,Cam 2
47380,20.2045,259.2250,-37.6726,232.2349,Cam 2
47383,20.2045,213.7071,-21.5014,354.5919,Cam 2
47360,20.2455,165.9070,-43.9264,314.7203,Cam 2
47361,20.2455,204.5559,-41.4928,262.6461,Cam 2
47362,20.3273,217.2436,-51.6130,193.6331,Cam 2
47364,20.3273,174.8680,-21.2650,306.1575,Cam 2
47365,20.3273,260.0133,-53.6893,234.0913,Cam 2
47366,20.3273,163.9297,-47.8616,307.2325,Cam 2
47367,20.2864,262.3274,-50.5077,207.9081,Cam 2
47370,20.3273,184.9577,-54.2724,222.0284,Cam 2
47371,20.2455,183.3791,-20.4960,350.6747,Cam 2
47372,20.2864,216.4034,-55.5459,328.7310,Cam 2
47376,20.2455,256.4078,-70.6545,351.5486,Cam 2
47377,20.2864,222.2633,-24.7891,199.7868,Cam 2
47378,20.2864,267.2707,-39.4923,300.8920,Cam 2
47379,20.2864,170.6771,-38.3848,321.4416,Cam 2
47381,20.2864,246.5614,-46.6454,354.6459,Cam 2
47382,20.3273,222.5709,-38.2079,247.7497,Cam 2
47384,20.2455,171.8246,-22.3224,334.2877,Cam 2
47385,20.3273,243.9204,-58.9047,357.0079,Cam 2
47386,20.3273,234.2352,-68.8793,188.5555,Cam 2
34510,20.3273,112.0499,36.7647,304.4099,Cam 1
34511,20.3273,149.6633,22.1388,321.1256,Cam 1
34512,20.2455,119.0000,36.4059,314.4999,Cam 1
34513,20.2455,138.6790,16.1394,343.0677,Cam 1
34514,20.2864,123.1490,31.1077,345.0489,Cam 1
34515,20.2455,97.5203,45.8113,325.8267,Cam 1
34516,20.3273,46.2115,66.4118,329.7913,Cam 1
34517,20.2864,73.3171,52.6003,336.2436,Cam 1
47387,20.3273,255.8503,-38.2220,328.7756,Cam 2
47388,20.2455,182.6626,-42.7408,243.1827,Cam 2
47389,20.2455,181.0645,-43.9993,223.9639,Cam 2
47390,20.2455,195.7739,-22.4546,190.8617,Cam 2
47391,20.3273,245.0142,-38.5506,346.0159,Cam 2
47392,20.3273,201.8709,-50.6677,348.1980,Cam 2
47393,20.2455,234.5036,-49.4868,287.4005,Cam 2
47394,20.2455,170.1047,-57.1038,312.1330,Cam 2
47395,20.2455,218.2332,-71.3279,238.5114,Cam 2
47396,20.3273,183.7408,-38.0780,285.3584,Cam 2
47397,20.2864,186.0537,-53.4999,226.9201,Cam 2
47398,20.2455,159.1509,-38.8992,189.9376,Cam 2
47399,20.2455,176.3926,-40.5475,223.4764,Cam 2
47400,20.2455,267.9165,-62.9591,350.2500,Cam 2
47401,20.3273,238.2425,-67.7384,195.7112,Cam 2
47402,20.2455,186.0271,-51.7810,259.0584,Cam 2
47403,20.2455,183.7689,-24.4383,182.1623,Cam 2
47404,20.2455,206.6916,-59.1851,339.0631,Cam 2
47405,20.3273,256.9869,-62.2056,183.2046,Cam 2
47406,20.2455,233.2466,-46.4297,272.0014,Cam 2
47407,20.2455,176.1462,-49.3940,352.7771,Cam 2
47408,20.3273,183.6641,-33.7711,281.7582,Cam 2
47409,20.2455,188.6040,-36.8560,271.6528,Cam 2
47410,20.2455,245.6636,-44.1570,181.8856,Cam 2
47411,20.3273,221.0151,-67.5182,347.4030,Cam 2
47412,20.2455,240.2410,-36.0971,344.5769,Cam 2
47413,20.2864,259.8989,-70.7155,313.2125,Cam 2
47414,20.2455,261.2149,-72.6083,359.8949,Cam 2
47415,20.2864,181.2644,-20.9295,331.6019,Cam 2
47416,20.3273,174.6503,-56.5324,358.2946,Cam 2
47417,20.2455,225.3206,-64.5816,201.3636,Cam 2
47418,20.2864,224.8445,-66.2406,334.0994,Cam 2
34518,20.3273,75.1531,69.4664,280.8479,Cam 1
34519,20.2864,119.6254,36.0058,307.0413,Cam 1
34520,20.3273,106.6737,34.9618,225.9183,Cam 1
34521,20.3273,129.0958,20.5416,321.5100,Cam 1
34522,20.3273,128.1051,32.0599,316.7861,Cam 1
34523,20.2864,100.3794,43.8524,326.2712,Cam 1
34524,20.2864,126.7828,21.9676,326.1393,Cam 1
34525,20.3273,106.2034,37.3981,327.9020,Cam 1
47419,20.2864,253.4578,-36.6179,333.9647,Cam 2
47420,20.2864,164.6947,-42.8455,315.7386,Cam 2
47421,20.2864,182.3327,-43.1923,236.6436,Cam 2
47422,20.3273,188.7468,-32.0018,328.1535,Cam 2
47423,20.2864,175.8923,-41.2743,359.6666,Cam 2
47424,20.3273,189.7982,-52.8554,199.7613,Cam 2
47425,20.2864,180.9085,-44.5689,231.1218,Cam 2
47426,20.3273,218.2389,-71.6150,229.8954,Cam 2
47427,20.3273,167.6103,-52.0442,289.7042,Cam 2
47428,20.3273,206.8202,-59.3772,346.2217,Cam 2
47429,20.2864,246.8936,-39.5066,350.5652,Cam 2
47430,20.3273,205.6105,-52.7427,278.3986,Cam 2
47431,20.2864,222.1139,-22.1227,181.3508,Cam 2
47432,20.2864,161.2652,-1.2488,273.5505,Cam 2
47433,20.2864,162.1036,-59.4935,327.1571,Cam 2
47434,20.3273,205.7985,-57.1010,232.2703,Cam 2
47435,20.2864,198.9092,-56.9740,350.0790,Cam 2
47436,20.3273,225.4591,-64.1129,194.1074,Cam 2
47437,20.2864,181.8808,-25.3410,201.0653,Cam 2
47438,20.2864,207.8617,-37.8005,334.5280,Cam 2
34526,20.3273,124.8392,30.2219,332.6067,Cam 1
34527,20.3273,144.4801,13.3361,329.1953,Cam 1
34528,20.3273,145.9591,26.7448,341.3965,Cam 1
34529,20.3273,129.0476,28.7263,346.8805,Cam 1
34530,20.3273,123.3136,31.0917,331.4380,Cam 1
34531,20.3273,82.5929,111.4323,185.2845,Cam 1
47439,20.3273,183.1288,-42.0006,249.5520,Cam 2
47440,20.3273,166.1205,-43.3594,319.4371,Cam 2
47441,20.3273,205.3694,-41.2771,259.3297,Cam 2
47442,20.3273,210.7966,-49.3218,336.2861,Cam 2
47443,20.3273,256.6548,-44.5795,286.1453,Cam 2
47444,20.3273,202.2256,-21.7657,186.6470,Cam 2
47445,20.3273,267.8819,-43.5784,339.7828,Cam 2
47446,20.3273,186.8680,-46.9285,302.1144,Cam 2
47447,20.3273,176.3137,-40.6378,232.9718,Cam 2
47448,20.3273,216.6460,-55.6117,321.4677,Cam 2
47449,20.3273,216.9204,-56.4008,182.1754,Cam 2
47450,20.3273,161.7024,-57.5174,318.9872,Cam 2
47451,20.3273,268.7893,-41.9246,305.1060,Cam 2
47452,20.3273,250.8074,-50.2110,256.3361,Cam 2
47453,20.3273,220.9626,-56.7879,201.8814,Cam 2
47454,20.3273,167.8468,-36.2324,192.4072,Cam 2
47455,20.3273,191.3578,-26.2475,359.9811,Cam 2
47456,20.3273,188.5947,-37.2462,264.5038,Cam 2
47457,20.3273,161.1075,-59.2948,320.7463,Cam 2
47458,20.3273,174.6138,-12.3509,322.4116,Cam 2
47459,20.3273,259.5190,-37.8936,249.5072,Cam 2
47460,20.3273,240.6763,-36.2716,213.5943,Cam 2
47461,20.3273,167.7564,-36.5409,210.5935,Cam 2
47462,20.3273,191.7408,-58.2167,191.6654,Cam 2
47463,20.3273,185.3121,-16.8428,187.8924,Cam 2
47464,20.3273,248.3865,-43.6474,356.1900,Cam 2
47465,20.3273,248.8630,-40.4270,352.6206,Cam 2
47466,20.3273,204.3156,-74.0167,349.7881,Cam 2
47467,20.3273,225.3591,-51.1979,351.2617,Cam 2
47468,20.3273,181.4244,-21.1011,323.9887,Cam 2
47469,20.3273,207.7736,-48.5889,224.1412,Cam 2
